first_name,last_name,national_id,birth_date,address,country,phone_number,email,finger_print_signature
Danny,Holland,4634650479854022366,1956-04-20,"3708 Carrie Court Apt. 342
Schmidtport, ND 84636",Cook Islands,872-258-7871,sergio53@example.com,hxyDbJtyozIMdjYGFEzl
Ian,Johnston,180078811194651,1977-12-23,"151 Kelly Burgs Apt. 953
Lisashire, VI 02984",Comoros,(560)342-4176x87852,lheath@example.net,DwQisaTmbApdYcSRgqie
Deborah,Frazier,6011412130352702,1936-02-05,"855 Love Canyon
Michellehaven, NE 16663",Niue,7139012104,hector79@example.net,ziEtGwbjYyRQudqsQXGd
Leah,Costa,6501825089453055,1995-01-15,"57852 Ross Lights Suite 108
West Anthony, KS 02950",Guam,786.214.0969x0756,vpruitt@example.org,VfmbTXeflbfalCkPXUes
Jennifer,Harrison,6011536372730710,1976-07-10,"139 Williams Bridge Apt. 137
Ashleyville, NC 21162",Yemen,746.826.3823x1718,gregorylong@example.org,hBHulFEPGMRsDaHIoFjc
Diana,Marshall,4615116435311509335,1970-05-10,"63702 Paul Drive
Smithchester, GA 77131",Egypt,001-731-861-9412x183,torreskathleen@example.org,rrFCpAxmobdtVewFSXkY
Jesse,Roberts,561657173820,1949-07-11,"03016 Maurice Road Apt. 667
Bentleybury, OK 43792",Guinea-Bissau,001-590-773-9384,qwilliams@example.com,zvuGlVCGibQSlacSPHAH
Christina,Moore,4875278739421424,1995-06-01,"17404 Williams Inlet
Susanchester, SD 12620",Tokelau,+1-487-765-9260,joseph10@example.net,kiyVEjopAiXHnbBMOwTP
Briana,Clark,4673775348993242581,1949-09-29,"359 Huffman Estate
Smithview, GA 41187",Gabon,001-299-543-7831x477,williamscaitlin@example.net,nusMxASHWIlikmbgfiaf
Chris,Hunter,180044454743303,1922-05-08,"480 Robert Prairie Suite 407
North Richardside, AS 48483",Tuvalu,133-425-9228x98059,kmaldonado@example.com,NWJNAjwaSwygjENmQlbH
